tqq,tss,nooverlap
tqq,tss,nooverlap
tqq,tss,nooverlap
tqq,tss,nooverlap
tqq,tss,nooverlap
tqq,tss,nooverlap
tqq,tss,nooverlap
tqq,tss,nooverlap
tqq,tss,nooverlap
tqq,tss,nooverlap
tqq,tss,nooverlap
t1793c0,t4c3,0
tqq,tss,nooverlap
t1793c0,t4c3,0
tqq,tss,nooverlap
t1793c0,t4c3,0
tqq,tss,nooverlap
t1793c0,t4c3,0
tqq,tss,nooverlap
tqq,tss,nooverlap
tqq,tss,nooverlap
tqq,tss,nooverlap
tqq,tss,nooverlap
tqq,tss,nooverlap
tqq,tss,nooverlap
tqq,tss,nooverlap
tqq,tss,nooverlap
tqq,tss,nooverlap
t1793c0,t4c3,0
tqq,tss,nooverlap
t1793c0,t4c3,0
tqq,tss,nooverlap
t1793c0,t4c3,0
tqq,tss,nooverlap
tqq,tss,nooverlap
tqq,tss,nooverlap
tqq,tss,nooverlap
tqq,tss,nooverlap
tqq,tss,nooverlap
tqq,tss,nooverlap
tqq,tss,nooverlap
tqq,tss,nooverlap
tqq,tss,nooverlap
t1793c0,t4c3,0
tqq,tss,nooverlap
t1793c0,t4c3,0
tqq,tss,nooverlap
t1793c0,t4c3,0
tqq,tss,nooverlap
tqq,tss,nooverlap
tqq,tss,nooverlap
tqq,tss,nooverlap
tqq,tss,nooverlap
tqq,tss,nooverlap
tqq,tss,nooverlap
tqq,tss,nooverlap
tqq,tss,nooverlap
tqq,tss,nooverlap
tqq,tss,nooverlap
t1793c0,t4c3,0
tqq,tss,nooverlap
t1793c0,t4c3,0
tqq,tss,nooverlap
t1793c0,t4c3,0
tqq,tss,nooverlap
t1793c0,t4c3,0
tqq,tss,nooverlap
t1793c0,t4c3,0
tqq,tss,nooverlap
t1793c0,t4c3,0
tqq,tss,nooverlap
t1793c0,t4c3,0
tqq,tss,nooverlap
t1793c0,t4c3,0
tqq,tss,nooverlap
t1793c0,t4c3,0
tqq,tss,nooverlap
t1793c0,t4c3,0
tqq,tss,nooverlap
t1793c0,t4c3,0
tqq,tss,nooverlap
t1793c0,t4c3,0
tqq,tss,nooverlap
t1793c0,t4c3,0
tqq,tss,nooverlap
t1793c0,t4c3,0
tqq,tss,nooverlap
t1793c0,t4c3,0
